Vessel_Name,Vessel_IMO_Number,Vessel_Flag,Installation_Status
Ss Poseidon 1,IMO1000000,Malta,Not installed
Ss Poseidon 2,IMO1000001,Marshall Islands,Installed
Ss Poseidon 3,IMO1000002,Marshall Islands,Installed but not updated
Ss Poseidon 4,IMO1000003,Bahamas,Installed but not updated
Ss Poseidon 5,IMO1000004,Liberia,Not installed
Ss Poseidon 6,IMO1000005,Panama,Installed but not updated
Ss Poseidon 7,IMO1000006,Bahamas,Installed but not updated
Ss Poseidon 8,IMO1000007,Marshall Islands,Not installed
Ss Poseidon 9,IMO1000008,Panama,Installed but not updated
Ss Poseidon 10,IMO1000009,Malta,Not installed
Ss Poseidon 11,IMO1000010,Malta,Installed
Ss Poseidon 12,IMO1000011,Malta,Installed but not updated
Ss Poseidon 13,IMO1000012,Panama,Not installed
Ss Poseidon 14,IMO1000013,Bahamas,Installed
Ss Poseidon 15,IMO1000014,Marshall Islands,Not installed
Ss Poseidon 16,IMO1000015,Panama,Installed but not updated
Ss Poseidon 17,IMO1000016,Liberia,Not installed
Ss Poseidon 18,IMO1000017,Liberia,Not installed
Ss Poseidon 19,IMO1000018,Malta,Not installed
Ss Poseidon 20,IMO1000019,Bahamas,Installed
Ss Poseidon 21,IMO1000020,Liberia,Not installed
Ss Poseidon 22,IMO1000021,Liberia,Not installed
Ss Poseidon 23,IMO1000022,Bahamas,Not installed
Ss Poseidon 24,IMO1000023,Marshall Islands,Not installed
Ss Poseidon 25,IMO1000024,Liberia,Not installed
Ss Poseidon 26,IMO1000025,Marshall Islands,Not installed
Ss Poseidon 27,IMO1000026,Malta,Installed
Ss Poseidon 28,IMO1000027,Liberia,Installed but not updated
Ss Poseidon 29,IMO1000028,Marshall Islands,Not installed
Ss Poseidon 30,IMO1000029,Panama,Not installed
Ss Poseidon 31,IMO1000030,Liberia,Installed
Ss Poseidon 32,IMO1000031,Marshall Islands,Installed
Ss Poseidon 33,IMO1000032,Bahamas,Installed
Ss Poseidon 34,IMO1000033,Panama,Not installed
Ss Poseidon 35,IMO1000034,Liberia,Installed but not updated
Ss Poseidon 36,IMO1000035,Marshall Islands,Not installed
Ss Poseidon 37,IMO1000036,Bahamas,Installed but not updated
Ss Poseidon 38,IMO1000037,Malta,Installed but not updated
Ss Poseidon 39,IMO1000038,Marshall Islands,Installed but not updated
Ss Poseidon 40,IMO1000039,Bahamas,Installed
Ss Poseidon 41,IMO1000040,Marshall Islands,Installed
Ss Poseidon 42,IMO1000041,Panama,Not installed
Ss Poseidon 43,IMO1000042,Malta,Not installed
Ss Poseidon 44,IMO1000043,Malta,Installed
Ss Poseidon 45,IMO1000044,Bahamas,Installed
Ss Poseidon 46,IMO1000045,Panama,Not installed
Ss Poseidon 47,IMO1000046,Malta,Installed
Ss Poseidon 48,IMO1000047,Panama,Installed
Ss Poseidon 49,IMO1000048,Panama,Installed but not updated
Ss Poseidon 50,IMO1000049,Bahamas,Not installed
